,scripcode,symbol
0,SRF.NS,SRF.NS
1,NRAIL.NS,NRAIL.NS
2,KTKBANK.NS,KTKBANK.NS
3,EQUITASBNK.NS,EQUITASBNK.NS
4,ASHOKLEY.NS,ASHOKLEY.NS
5,HEMIPROP.NS,HEMIPROP.NS
6,HGS.NS,HGS.NS
7,ULTRACEMCO.NS,ULTRACEMCO.NS
8,GOLDIAM.NS,GOLDIAM.NS
9,GEECEE.NS,GEECEE.NS
10,STCINDIA.NS,STCINDIA.NS
11,IDBI.NS,IDBI.NS
12,AARTIIND.NS,AARTIIND.NS
13,KRISHANA.NS,KRISHANA.NS
14,MUTHOOTFIN.NS,MUTHOOTFIN.NS
15,INEOSSTYRO.NS,INEOSSTYRO.NS
16,ASTERDM.NS,ASTERDM.NS
17,MANAPPURAM.NS,MANAPPURAM.NS
18,INDHOTEL.NS,INDHOTEL.NS
19,DPABHUSHAN.NS,DPABHUSHAN.NS
20,AVTNPL.NS,AVTNPL.NS
21,PRECAM.NS,PRECAM.NS
22,HINDNATGLS.NS,HINDNATGLS.NS
23,COFFEEDAY.NS,COFFEEDAY.NS
24,JKPAPER.NS,JKPAPER.NS
25,SCHAND.NS,SCHAND.NS
26,3MINDIA.NS,3MINDIA.NS
27,SHREYAS.NS,SHREYAS.NS
28,SBILIFE.NS,SBILIFE.NS
29,SFL.NS,SFL.NS
30,SANGHIIND.NS,SANGHIIND.NS
31,GODFRYPHLP.NS,GODFRYPHLP.NS
32,SHOPERSTOP.NS,SHOPERSTOP.NS
33,NIITLTD.NS,NIITLTD.NS
34,SUPRAJIT.NS,SUPRAJIT.NS
35,IDFCFIRSTB.NS,IDFCFIRSTB.NS
36,ALEMBICLTD.NS,ALEMBICLTD.NS
37,NBVENTURES.NS,NBVENTURES.NS
38,BEPL.NS,BEPL.NS
39,HINDALCO.NS,HINDALCO.NS
40,MAXHEALTH.NS,MAXHEALTH.NS
41,BCG.NS,BCG.NS
42,LUXIND.NS,LUXIND.NS
43,KSL.NS,KSL.NS
44,TARC.NS,TARC.NS
45,MINDAIND.NS,MINDAIND.NS
46,DEEPAKFERT.NS,DEEPAKFERT.NS
47,HTMEDIA.NS,HTMEDIA.NS
48,BLUESTARCO.NS,BLUESTARCO.NS
49,PITTIENG.NS,PITTIENG.NS
50,HUDCO.NS,HUDCO.NS
51,SMLISUZU.NS,SMLISUZU.NS
52,ANDHRSUGAR.NS,ANDHRSUGAR.NS
53,PHILIPCARB.NS,PHILIPCARB.NS
54,CAPACITE.NS,CAPACITE.NS
55,KINGFA.NS,KINGFA.NS
56,HARRMALAYA.NS,HARRMALAYA.NS
57,APOLLOPIPE.NS,APOLLOPIPE.NS
58,NEOGEN.NS,NEOGEN.NS
59,TATAINVEST.NS,TATAINVEST.NS
60,SANGAMIND.NS,SANGAMIND.NS
61,ACC.NS,ACC.NS
62,CHOLAFIN.NS,CHOLAFIN.NS
63,IBREALEST.NS,IBREALEST.NS
64,LTI.NS,LTI.NS
65,JINDALSAW.NS,JINDALSAW.NS
66,CUPID.NS,CUPID.NS
67,KKCL.NS,KKCL.NS
68,KALPATPOWR.NS,KALPATPOWR.NS
69,MCDOWELL-N.NS,MCDOWELL-N.NS
70,PRECOT.NS,PRECOT.NS
71,VAKRANGEE.NS,VAKRANGEE.NS
72,FCL.NS,FCL.NS
73,BALRAMCHIN.NS,BALRAMCHIN.NS
74,SIRCA.NS,SIRCA.NS
75,FINPIPE.NS,FINPIPE.NS
76,AIRAN.NS,AIRAN.NS
77,TEXINFRA.NS,TEXINFRA.NS
78,JUBLINDS.NS,JUBLINDS.NS
79,REPRO.NS,REPRO.NS
80,ALOKINDS.NS,ALOKINDS.NS
81,RADICO.NS,RADICO.NS
82,MGL.NS,MGL.NS
83,BASF.NS,BASF.NS
84,MUNJALAU.NS,MUNJALAU.NS
85,TI.NS,TI.NS
86,IRFC.NS,IRFC.NS
87,USHAMART.NS,USHAMART.NS
88,COLPAL.NS,COLPAL.NS
89,MOLDTKPAC.NS,MOLDTKPAC.NS
90,PSPPROJECT.NS,PSPPROJECT.NS
91,ASALCBR.NS,ASALCBR.NS
92,MAGADSUGAR.NS,MAGADSUGAR.NS
93,NAZARA.NS,NAZARA.NS
94,ABCAPITAL.NS,ABCAPITAL.NS
95,INDIAGLYCO.NS,INDIAGLYCO.NS
96,ZYDUSWELL.NS,ZYDUSWELL.NS
97,SUBEXLTD.NS,SUBEXLTD.NS
98,SUULD.NS,SUULD.NS
99,HONDAPOWER.NS,HONDAPOWER.NS
100,MANINFRA.NS,MANINFRA.NS
101,IRB.NS,IRB.NS
102,KANPRPLA.NS,KANPRPLA.NS
103,SILINV.NS,SILINV.NS
104,NHPC.NS,NHPC.NS
105,TIRUMALCHM.NS,TIRUMALCHM.NS
106,TRIGYN.NS,TRIGYN.NS
107,CDSL.NS,CDSL.NS
108,SUTLEJTEX.NS,SUTLEJTEX.NS
109,AUTOAXLES.NS,AUTOAXLES.NS
110,MANGCHEFER.NS,MANGCHEFER.NS
111,TVSELECT.NS,TVSELECT.NS
112,KEC.NS,KEC.NS
113,KAYA.NS,KAYA.NS
114,5PAISA.NS,5PAISA.NS
115,MUTHOOTCAP.NS,MUTHOOTCAP.NS
116,RELINFRA.NS,RELINFRA.NS
117,GRINDWELL.NS,GRINDWELL.NS
118,LTTS.NS,LTTS.NS
119,KOPRAN.NS,KOPRAN.NS
120,SEAMECLTD.NS,SEAMECLTD.NS
121,ALICON.NS,ALICON.NS
122,CONFIPET.NS,CONFIPET.NS
123,SARDAEN.NS,SARDAEN.NS
124,KALYANKJIL.NS,KALYANKJIL.NS
125,HFCL.NS,HFCL.NS
126,BAJFINANCE.NS,BAJFINANCE.NS
127,BURGERKING.NS,BURGERKING.NS
128,MADRASFERT.NS,MADRASFERT.NS
129,KCP.NS,KCP.NS
130,SSWL.NS,SSWL.NS
131,TATAMTRDVR.NS,TATAMTRDVR.NS
132,ABB.NS,ABB.NS
133,GOKEX.NS,GOKEX.NS
134,UNIVPHOTO.NS,UNIVPHOTO.NS
135,KEI.NS,KEI.NS
136,DOLLAR.NS,DOLLAR.NS
137,ATULAUTO.NS,ATULAUTO.NS
138,CESC.NS,CESC.NS
139,RAMKY.NS,RAMKY.NS
140,TECHM.NS,TECHM.NS
141,MARALOVER.NS,MARALOVER.NS
142,RAMCOCEM.NS,RAMCOCEM.NS
143,EXPLEOSOL.NS,EXPLEOSOL.NS
144,GANECOS.NS,GANECOS.NS
145,HBLPOWER.NS,HBLPOWER.NS
146,INDIACEM.NS,INDIACEM.NS
147,TITAN.NS,TITAN.NS
148,AKASH.NS,AKASH.NS
149,BALAJITELE.NS,BALAJITELE.NS
150,ITI.NS,ITI.NS
151,GSPL.NS,GSPL.NS
152,TFCILTD.NS,TFCILTD.NS
153,NBIFIN.NS,NBIFIN.NS
154,JINDWORLD.NS,JINDWORLD.NS
155,WOCKPHARMA.NS,WOCKPHARMA.NS
156,MIDHANI.NS,MIDHANI.NS
157,RENUKA.NS,RENUKA.NS
158,RADIOCITY.NS,RADIOCITY.NS
159,ECLERX.NS,ECLERX.NS
160,ROSSELLIND.NS,ROSSELLIND.NS
161,ANUP.NS,ANUP.NS
162,CLNINDIA.NS,CLNINDIA.NS
163,SPICEJET.NS,SPICEJET.NS
164,METROPOLIS.NS,METROPOLIS.NS
165,NCC.NS,NCC.NS
166,AURIONPRO.NS,AURIONPRO.NS
167,BGRENERGY.NS,BGRENERGY.NS
168,HEG.NS,HEG.NS
169,IFBAGRO.NS,IFBAGRO.NS
170,SUNDRMFAST.NS,SUNDRMFAST.NS
171,MARUTI.NS,MARUTI.NS
172,BEML.NS,BEML.NS
173,ENIL.NS,ENIL.NS
174,CENTUM.NS,CENTUM.NS
175,ASTRAZEN.NS,ASTRAZEN.NS
176,KITEX.NS,KITEX.NS
177,COROMANDEL.NS,COROMANDEL.NS
178,MENONBE.NS,MENONBE.NS
179,DATAMATICS.NS,DATAMATICS.NS
180,IGL.NS,IGL.NS
181,POWERMECH.NS,POWERMECH.NS
182,ACRYSIL.NS,ACRYSIL.NS
183,GOCLCORP.NS,GOCLCORP.NS
184,SUBROS.NS,SUBROS.NS
185,SHAKTIPUMP.NS,SHAKTIPUMP.NS
186,FINEORG.NS,FINEORG.NS
187,UNIONBANK.NS,UNIONBANK.NS
188,GMRINFRA.NS,GMRINFRA.NS
189,HINDCOMPOS.NS,HINDCOMPOS.NS
190,FACT.NS,FACT.NS
191,BESTAGRO.NS,BESTAGRO.NS
192,UTTAMSUGAR.NS,UTTAMSUGAR.NS
193,ELECTCAST.NS,ELECTCAST.NS
194,BAJAJ-AUTO.NS,BAJAJ-AUTO.NS
195,CENTRUM.NS,CENTRUM.NS
196,ANURAS.NS,ANURAS.NS
197,NRBBEARING.NS,NRBBEARING.NS
198,NAUKRI.NS,NAUKRI.NS
199,BRITANNIA.NS,BRITANNIA.NS
200,MAITHANALL.NS,MAITHANALL.NS
201,SPAL.NS,SPAL.NS
202,AHLUCONT.NS,AHLUCONT.NS
203,ZUARIGLOB.NS,ZUARIGLOB.NS
204,AUROPHARMA.NS,AUROPHARMA.NS
205,DPWIRES.NS,DPWIRES.NS
206,GEOJITFSL.NS,GEOJITFSL.NS
207,ASTRAL.NS,ASTRAL.NS
208,INTELLECT.NS,INTELLECT.NS
209,PRAKASH.NS,PRAKASH.NS
210,MAHLOG.NS,MAHLOG.NS
211,IMPAL.NS,IMPAL.NS
212,SOMANYCERA.NS,SOMANYCERA.NS
213,GULFOILLUB.NS,GULFOILLUB.NS
214,NCLIND.NS,NCLIND.NS
215,RATNAMANI.NS,RATNAMANI.NS
216,PIIND.NS,PIIND.NS
217,HATSUN.NS,HATSUN.NS
218,NITINSPIN.NS,NITINSPIN.NS
219,AARTISURF.NS,AARTISURF.NS
220,INDIANB.NS,INDIANB.NS
221,JMCPROJECT.NS,JMCPROJECT.NS
222,LXCHEM.NS,LXCHEM.NS
223,TNPL.NS,TNPL.NS
224,IOB.NS,IOB.NS
225,NATCOPHARM.NS,NATCOPHARM.NS
226,UFLEX.NS,UFLEX.NS
227,BAYERCROP.NS,BAYERCROP.NS
228,KDDL.NS,KDDL.NS
229,LAXMIMACH.NS,LAXMIMACH.NS
230,RAJESHEXPO.NS,RAJESHEXPO.NS
231,MPHASIS.NS,MPHASIS.NS
232,VISAKAIND.NS,VISAKAIND.NS
233,BHARATFORG.NS,BHARATFORG.NS
234,NH.NS,NH.NS
235,JUSTDIAL.NS,JUSTDIAL.NS
236,ORIENTABRA.NS,ORIENTABRA.NS
237,SANDESH.NS,SANDESH.NS
238,SWANENERGY.NS,SWANENERGY.NS
239,DOLAT.NS,DOLAT.NS
240,BIRLATYRE.NS,BIRLATYRE.NS
241,APOLLOTYRE.NS,APOLLOTYRE.NS
242,LUMAXIND.NS,LUMAXIND.NS
243,DAAWAT.NS,DAAWAT.NS
244,NATIONALUM.NS,NATIONALUM.NS
245,BOMDYEING.NS,BOMDYEING.NS
246,SPECIALITY.NS,SPECIALITY.NS
247,BLUEDART.NS,BLUEDART.NS
248,SUVEN.NS,SUVEN.NS
249,GIPCL.NS,GIPCL.NS
250,CROMPTON.NS,CROMPTON.NS
251,EMKAY.NS,EMKAY.NS
252,SUNTV.NS,SUNTV.NS
253,CANTABIL.NS,CANTABIL.NS
254,RBL.NS,RBL.NS
255,PGEL.NS,PGEL.NS
256,JUBLINGREA.NS,JUBLINGREA.NS
257,BOSCHLTD.NS,BOSCHLTD.NS
258,AWHCL.NS,AWHCL.NS
259,EICHERMOT.NS,EICHERMOT.NS
260,RIIL.NS,RIIL.NS
261,RITES.NS,RITES.NS
262,KOLTEPATIL.NS,KOLTEPATIL.NS
263,SCI.NS,SCI.NS
264,TVSSRICHAK.NS,TVSSRICHAK.NS
265,PRESTIGE.NS,PRESTIGE.NS
266,HEROMOTOCO.NS,HEROMOTOCO.NS
267,NELCO.NS,NELCO.NS
268,DELTACORP.NS,DELTACORP.NS
269,CIGNITITEC.NS,CIGNITITEC.NS
270,PVR.NS,PVR.NS
271,RSWM.NS,RSWM.NS
272,ALKEM.NS,ALKEM.NS
273,ASAHISONG.NS,ASAHISONG.NS
274,JAYBARMARU.NS,JAYBARMARU.NS
275,SYMPHONY.NS,SYMPHONY.NS
276,GOKULAGRO.NS,GOKULAGRO.NS
277,LAURUSLABS.NS,LAURUSLABS.NS
278,TRENT.NS,TRENT.NS
279,FORTIS.NS,FORTIS.NS
280,COFORGE.NS,COFORGE.NS
281,BHARATRAS.NS,BHARATRAS.NS
282,INDSWFTLAB.NS,INDSWFTLAB.NS
283,POLYCAB.NS,POLYCAB.NS
284,ESCORTS.NS,ESCORTS.NS
285,UTIAMC.NS,UTIAMC.NS
286,CAPLIPOINT.NS,CAPLIPOINT.NS
287,INDOCO.NS,INDOCO.NS
288,KOTAKBANK.NS,KOTAKBANK.NS
289,PGHH.NS,PGHH.NS
290,KIRLFER.NS,KIRLFER.NS
291,MARICO.NS,MARICO.NS
292,PETRONET.NS,PETRONET.NS
293,SARLAPOLY.NS,SARLAPOLY.NS
294,FRETAIL.NS,FRETAIL.NS
295,VISHNU.NS,VISHNU.NS
296,TORNTPOWER.NS,TORNTPOWER.NS
297,VGUARD.NS,VGUARD.NS
298,TCPLPACK.NS,TCPLPACK.NS
299,TIMETECHNO.NS,TIMETECHNO.NS
300,GMMPFAUDLR.NS,GMMPFAUDLR.NS
301,DIXON.NS,DIXON.NS
302,BALKRISIND.NS,BALKRISIND.NS
303,HINDPETRO.NS,HINDPETRO.NS
304,PTL.NS,PTL.NS
305,PDMJEPAPER.NS,PDMJEPAPER.NS
306,THANGAMAYL.NS,THANGAMAYL.NS
307,ADANIPORTS.NS,ADANIPORTS.NS
308,FLFL.NS,FLFL.NS
309,DCAL.NS,DCAL.NS
310,RAMCOSYS.NS,RAMCOSYS.NS
311,VISHAL.NS,VISHAL.NS
312,ACCELYA.NS,ACCELYA.NS
313,JINDRILL.NS,JINDRILL.NS
314,UJJIVAN.NS,UJJIVAN.NS
315,JSWHL.NS,JSWHL.NS
316,XCHANGING.NS,XCHANGING.NS
317,RVNL.NS,RVNL.NS
318,CARERATING.NS,CARERATING.NS
319,VOLTAS.NS,VOLTAS.NS
320,NECLIFE.NS,NECLIFE.NS
321,TATACOMM.NS,TATACOMM.NS
322,INOXWIND.NS,INOXWIND.NS
323,PTC.NS,PTC.NS
324,CANBK.NS,CANBK.NS
325,BHAGERIA.NS,BHAGERIA.NS
326,INDIGO.NS,INDIGO.NS
327,IIFLWAM.NS,IIFLWAM.NS
328,TTKPRESTIG.NS,TTKPRESTIG.NS
329,BAJAJHLDNG.NS,BAJAJHLDNG.NS
330,MAYURUNIQ.NS,MAYURUNIQ.NS
331,CREST.NS,CREST.NS
332,BBL.NS,BBL.NS
333,TEAMLEASE.NS,TEAMLEASE.NS
334,ADSL.NS,ADSL.NS
335,SNOWMAN.NS,SNOWMAN.NS
336,STLTECH.NS,STLTECH.NS
337,NAHARCAP.NS,NAHARCAP.NS
338,TWL.NS,TWL.NS
339,DBL.NS,DBL.NS
340,PCJEWELLER.NS,PCJEWELLER.NS
341,ITDC.NS,ITDC.NS
342,SUMMITSEC.NS,SUMMITSEC.NS
343,FDC.NS,FDC.NS
344,BARBEQUE.NS,BARBEQUE.NS
345,ORIENTCEM.NS,ORIENTCEM.NS
346,VIDHIING.NS,VIDHIING.NS
347,RAMANEWS.NS,RAMANEWS.NS
348,ELECON.NS,ELECON.NS
349,MUNJALSHOW.NS,MUNJALSHOW.NS
350,INDUSTOWER.NS,INDUSTOWER.NS
351,DBCORP.NS,DBCORP.NS
352,WESTLIFE.NS,WESTLIFE.NS
353,NOVARTIND.NS,NOVARTIND.NS
354,BAJAJCON.NS,BAJAJCON.NS
355,HEXATRADEX.NS,HEXATRADEX.NS
356,PENIND.NS,PENIND.NS
357,RANEHOLDIN.NS,RANEHOLDIN.NS
358,PANACEABIO.NS,PANACEABIO.NS
359,RECLTD.NS,RECLTD.NS
360,EIDPARRY.NS,EIDPARRY.NS
361,LINCOLN.NS,LINCOLN.NS
362,SRTRANSFIN.NS,SRTRANSFIN.NS
363,MAHINDCIE.NS,MAHINDCIE.NS
364,ABBOTINDIA.NS,ABBOTINDIA.NS
365,NIACL.NS,NIACL.NS
366,MEP.NS,MEP.NS
367,JINDALPOLY.NS,JINDALPOLY.NS
368,AMBER.NS,AMBER.NS
369,PRINCEPIPE.NS,PRINCEPIPE.NS
370,OBEROIRLTY.NS,OBEROIRLTY.NS
371,CENTRALBK.NS,CENTRALBK.NS
372,DIVISLAB.NS,DIVISLAB.NS
373,IGARASHI.NS,IGARASHI.NS
374,UBL.NS,UBL.NS
375,ARVINDFASN.NS,ARVINDFASN.NS
376,NAHARPOLY.NS,NAHARPOLY.NS
377,SKIPPER.NS,SKIPPER.NS
378,CONSOFINVT.NS,CONSOFINVT.NS
379,BANKBARODA.NS,BANKBARODA.NS
380,DBREALTY.NS,DBREALTY.NS
381,VALIANTORG.NS,VALIANTORG.NS
382,MARINE.NS,MARINE.NS
383,GOODLUCK.NS,GOODLUCK.NS
384,ESTER.NS,ESTER.NS
385,SOTL.NS,SOTL.NS
386,GOACARBON.NS,GOACARBON.NS
387,UJJIVANSFB.NS,UJJIVANSFB.NS
388,TRIL.NS,TRIL.NS
389,CRAFTSMAN.NS,CRAFTSMAN.NS
390,PRSMJOHNSN.NS,PRSMJOHNSN.NS
391,AVANTIFEED.NS,AVANTIFEED.NS
392,GLAND.NS,GLAND.NS
393,EVERESTIND.NS,EVERESTIND.NS
394,PNBGILTS.NS,PNBGILTS.NS
395,KIRLOSENG.NS,KIRLOSENG.NS
396,RELIANCE.NS,RELIANCE.NS
397,ORIENTBELL.NS,ORIENTBELL.NS
398,GILLETTE.NS,GILLETTE.NS
399,MANINDS.NS,MANINDS.NS
400,GRAVITA.NS,GRAVITA.NS
401,ASTEC.NS,ASTEC.NS
402,DCBBANK.NS,DCBBANK.NS
403,MATRIMONY.NS,MATRIMONY.NS
404,SECURKLOUD.NS,SECURKLOUD.NS
405,STERTOOLS.NS,STERTOOLS.NS
406,MSTCLTD.NS,MSTCLTD.NS
407,ORICONENT.NS,ORICONENT.NS
408,SUMICHEM.NS,SUMICHEM.NS
409,PRECWIRE.NS,PRECWIRE.NS
410,OMINFRAL.NS,OMINFRAL.NS
411,HSCL.NS,HSCL.NS
412,POLYPLEX.NS,POLYPLEX.NS
413,SHRIRAMCIT.NS,SHRIRAMCIT.NS
414,INOXLEISUR.NS,INOXLEISUR.NS
415,SHARDACROP.NS,SHARDACROP.NS
416,SBIN.NS,SBIN.NS
417,BINDALAGRO.NS,BINDALAGRO.NS
418,JAGSNPHARM.NS,JAGSNPHARM.NS
419,AXISBANK.NS,AXISBANK.NS
420,BRIGADE.NS,BRIGADE.NS
421,SESHAPAPER.NS,SESHAPAPER.NS
422,EDELWEISS.NS,EDELWEISS.NS
423,LALPATHLAB.NS,LALPATHLAB.NS
424,CRISIL.NS,CRISIL.NS
425,DCMNVL.NS,DCMNVL.NS
426,RELAXO.NS,RELAXO.NS
427,VTL.NS,VTL.NS
428,QUICKHEAL.NS,QUICKHEAL.NS
429,SUVIDHAA.NS,SUVIDHAA.NS
430,MIRZAINT.NS,MIRZAINT.NS
431,HIL.NS,HIL.NS
432,WHEELS.NS,WHEELS.NS
433,DICIND.NS,DICIND.NS
434,SUNCLAYLTD.NS,SUNCLAYLTD.NS
435,INGERRAND.NS,INGERRAND.NS
436,ESABINDIA.NS,ESABINDIA.NS
437,SASKEN.NS,SASKEN.NS
438,KOTHARIPET.NS,KOTHARIPET.NS
439,TALBROAUTO.NS,TALBROAUTO.NS
440,CANFINHOME.NS,CANFINHOME.NS
441,HINDZINC.NS,HINDZINC.NS
442,PPAP.NS,PPAP.NS
443,MOREPENLAB.NS,MOREPENLAB.NS
444,KIOCL.NS,KIOCL.NS
445,BHEL.NS,BHEL.NS
446,TATASTEEL.NS,TATASTEEL.NS
447,PGIL.NS,PGIL.NS
448,COSMOFILMS.NS,COSMOFILMS.NS
449,MAWANASUG.NS,MAWANASUG.NS
450,RKFORGE.NS,RKFORGE.NS
451,RESPONIND.NS,RESPONIND.NS
452,PHOENIXLTD.NS,PHOENIXLTD.NS
453,KANORICHEM.NS,KANORICHEM.NS
454,AMRUTANJAN.NS,AMRUTANJAN.NS
455,ANGELBRKG.NS,ANGELBRKG.NS
456,AMBIKCO.NS,AMBIKCO.NS
457,BALAMINES.NS,BALAMINES.NS
458,REPCOHOME.NS,REPCOHOME.NS
459,TATAELXSI.NS,TATAELXSI.NS
460,ERIS.NS,ERIS.NS
461,CENTENKA.NS,CENTENKA.NS
462,ARSHIYA.NS,ARSHIYA.NS
463,SURYODAY.NS,SURYODAY.NS
464,BANDHANBNK.NS,BANDHANBNK.NS
465,VHL.NS,VHL.NS
466,MAHESHWARI.NS,MAHESHWARI.NS
467,RBLBANK.NS,RBLBANK.NS
468,PERSISTENT.NS,PERSISTENT.NS
469,GUFICBIO.NS,GUFICBIO.NS
470,GLOBUSSPR.NS,GLOBUSSPR.NS
471,VENUSREM.NS,VENUSREM.NS
472,EPL.NS,EPL.NS
473,TEXRAIL.NS,TEXRAIL.NS
474,ICIL.NS,ICIL.NS
475,TCS.NS,TCS.NS
476,VSTIND.NS,VSTIND.NS
477,HEIDELBERG.NS,HEIDELBERG.NS
478,RAMASTEEL.NS,RAMASTEEL.NS
479,PGHL.NS,PGHL.NS
480,EMAMILTD.NS,EMAMILTD.NS
481,VIMTALABS.NS,VIMTALABS.NS
482,VADILALIND.NS,VADILALIND.NS
483,HERITGFOOD.NS,HERITGFOOD.NS
484,NILKAMAL.NS,NILKAMAL.NS
485,DREDGECORP.NS,DREDGECORP.NS
486,PNCINFRA.NS,PNCINFRA.NS
487,PUNJABCHEM.NS,PUNJABCHEM.NS
488,TVTODAY.NS,TVTODAY.NS
489,TAJGVK.NS,TAJGVK.NS
490,ADVENZYMES.NS,ADVENZYMES.NS
491,SPIC.NS,SPIC.NS
492,NURECA.NS,NURECA.NS
493,EQUITAS.NS,EQUITAS.NS
494,RGL.NS,RGL.NS
495,ATFL.NS,ATFL.NS
496,KANSAINER.NS,KANSAINER.NS
497,JUBLPHARMA.NS,JUBLPHARMA.NS
498,KSCL.NS,KSCL.NS
499,APOLLOHOSP.NS,APOLLOHOSP.NS
500,ASIANPAINT.NS,ASIANPAINT.NS
501,SONATSOFTW.NS,SONATSOFTW.NS
502,SUNDARMHLD.NS,SUNDARMHLD.NS
503,KRBL.NS,KRBL.NS
504,IEX.NS,IEX.NS
505,EXIDEIND.NS,EXIDEIND.NS
506,STOVEKRAFT.NS,STOVEKRAFT.NS
507,QUESS.NS,QUESS.NS
508,APCL.NS,APCL.NS
509,ROUTE.NS,ROUTE.NS
510,OLECTRA.NS,OLECTRA.NS
511,JKIL.NS,JKIL.NS
512,ASIANTILES.NS,ASIANTILES.NS
513,PRIVISCL.NS,PRIVISCL.NS
514,FSC.NS,FSC.NS
515,CREDITACC.NS,CREDITACC.NS
516,COALINDIA.NS,COALINDIA.NS
517,LIKHITHA.NS,LIKHITHA.NS
518,BFUTILITIE.NS,BFUTILITIE.NS
519,RPSGVENT.NS,RPSGVENT.NS
520,NOCIL.NS,NOCIL.NS
521,SAFARI.NS,SAFARI.NS
522,GANDHITUBE.NS,GANDHITUBE.NS
523,AMARAJABAT.NS,AMARAJABAT.NS
524,JAMNAAUTO.NS,JAMNAAUTO.NS
525,LGBBROSLTD.NS,LGBBROSLTD.NS
526,JASH.NS,JASH.NS
527,PFIZER.NS,PFIZER.NS
528,MINDACORP.NS,MINDACORP.NS
529,CEREBRAINT.NS,CEREBRAINT.NS
530,OAL.NS,OAL.NS
531,GRAPHITE.NS,GRAPHITE.NS
532,RELIGARE.NS,RELIGARE.NS
533,ITDCEM.NS,ITDCEM.NS
534,HDFCAMC.NS,HDFCAMC.NS
535,ZUARI.NS,ZUARI.NS
536,INFY.NS,INFY.NS
537,GMDCLTD.NS,GMDCLTD.NS
538,UNICHEMLAB.NS,UNICHEMLAB.NS
539,IGPL.NS,IGPL.NS
540,HDFCBANK.NS,HDFCBANK.NS
541,FORCEMOT.NS,FORCEMOT.NS
542,MOTILALOFS.NS,MOTILALOFS.NS
543,REPL.NS,REPL.NS
544,WELENT.NS,WELENT.NS
545,KABRAEXTRU.NS,KABRAEXTRU.NS
546,HERCULES.NS,HERCULES.NS
547,MASTEK.NS,MASTEK.NS
548,MINDTREE.NS,MINDTREE.NS
549,EMAMIPAP.NS,EMAMIPAP.NS
550,ORISSAMINE.NS,ORISSAMINE.NS
551,BAJAJELEC.NS,BAJAJELEC.NS
552,RAIN.NS,RAIN.NS
553,SUNPHARMA.NS,SUNPHARMA.NS
554,IDFC.NS,IDFC.NS
555,HIMATSEIDE.NS,HIMATSEIDE.NS
556,STAR.NS,STAR.NS
557,BDL.NS,BDL.NS
558,AVADHSUGAR.NS,AVADHSUGAR.NS
559,BHARATWIRE.NS,BHARATWIRE.NS
560,UNIDT.NS,UNIDT.NS
561,AMBUJACEM.NS,AMBUJACEM.NS
562,FOSECOIND.NS,FOSECOIND.NS
563,KOTHARIPRO.NS,KOTHARIPRO.NS
564,GODREJIND.NS,GODREJIND.NS
565,SEQUENT.NS,SEQUENT.NS
566,MARATHON.NS,MARATHON.NS
567,AGARIND.NS,AGARIND.NS
568,AKZOINDIA.NS,AKZOINDIA.NS
569,SADBHAV.NS,SADBHAV.NS
570,INDIANHUME.NS,INDIANHUME.NS
571,RUCHI.NS,RUCHI.NS
572,OCCL.NS,OCCL.NS
573,SHILPAMED.NS,SHILPAMED.NS
574,AJMERA.NS,AJMERA.NS
575,SHANKARA.NS,SHANKARA.NS
576,JAGRAN.NS,JAGRAN.NS
577,VINYLINDIA.NS,VINYLINDIA.NS
578,ICICIBANK.NS,ICICIBANK.NS
579,KIRLOSIND.NS,KIRLOSIND.NS
580,DYNAMATECH.NS,DYNAMATECH.NS
581,MMTC.NS,MMTC.NS
582,ALLSEC.NS,ALLSEC.NS
583,SHAREINDIA.NS,SHAREINDIA.NS
584,NBCC.NS,NBCC.NS
585,FMGOETZE.NS,FMGOETZE.NS
586,GUJGASLTD.NS,GUJGASLTD.NS
587,JYOTHYLAB.NS,JYOTHYLAB.NS
588,TIIL.NS,TIIL.NS
589,GLENMARK.NS,GLENMARK.NS
590,AUBANK.NS,AUBANK.NS
591,INFIBEAM.NS,INFIBEAM.NS
592,DHUNINV.NS,DHUNINV.NS
593,AKSHARCHEM.NS,AKSHARCHEM.NS
594,GTPL.NS,GTPL.NS
595,GHCL.NS,GHCL.NS
596,MAZDOCK.NS,MAZDOCK.NS
597,ONMOBILE.NS,ONMOBILE.NS
598,GEPIL.NS,GEPIL.NS
599,GRASIM.NS,GRASIM.NS
600,SHANTIGEAR.NS,SHANTIGEAR.NS
601,GNFC.NS,GNFC.NS
602,WSTCSTPAPR.NS,WSTCSTPAPR.NS
603,TASTYBITE.NS,TASTYBITE.NS
604,SHARDAMOTR.NS,SHARDAMOTR.NS
605,ITC.NS,ITC.NS
606,SADBHIN.NS,SADBHIN.NS
607,JCHAC.NS,JCHAC.NS
608,HPL.NS,HPL.NS
609,ONGC.NS,ONGC.NS
610,NAVKARCORP.NS,NAVKARCORP.NS
611,JKCEMENT.NS,JKCEMENT.NS
612,BROOKS.NS,BROOKS.NS
613,CSBBANK.NS,CSBBANK.NS
614,RANASUG.NS,RANASUG.NS
615,SUPREMEIND.NS,SUPREMEIND.NS
616,DECCANCE.NS,DECCANCE.NS
617,RICOAUTO.NS,RICOAUTO.NS
618,SHK.NS,SHK.NS
619,PRICOLLTD.NS,PRICOLLTD.NS
620,NIPPOBATRY.NS,NIPPOBATRY.NS
621,SPENCERS.NS,SPENCERS.NS
622,OMAXE.NS,OMAXE.NS
623,SOLARA.NS,SOLARA.NS
624,JSWENERGY.NS,JSWENERGY.NS
625,DWARKESH.NS,DWARKESH.NS
626,VARDHACRLC.NS,VARDHACRLC.NS
627,TIMKEN.NS,TIMKEN.NS
628,GNA.NS,GNA.NS
629,WENDT.NS,WENDT.NS
630,PNBHOUSING.NS,PNBHOUSING.NS
631,ADORWELD.NS,ADORWELD.NS
632,VOLTAMP.NS,VOLTAMP.NS
633,MAHSCOOTER.NS,MAHSCOOTER.NS
634,EASEMYTRIP.NS,EASEMYTRIP.NS
635,GENESYS.NS,GENESYS.NS
636,SATIA.NS,SATIA.NS
637,HINDUNILVR.NS,HINDUNILVR.NS
638,GSFC.NS,GSFC.NS
639,POWERGRID.NS,POWERGRID.NS
640,HESTERBIO.NS,HESTERBIO.NS
641,EXCELINDUS.NS,EXCELINDUS.NS
642,JSLHISAR.NS,JSLHISAR.NS
643,JUBLFOOD.NS,JUBLFOOD.NS
644,JISLJALEQS.NS,JISLJALEQS.NS
645,SJVN.NS,SJVN.NS
646,SPARC.NS,SPARC.NS
647,SAIL.NS,SAIL.NS
648,DHAMPURSUG.NS,DHAMPURSUG.NS
649,JSL.NS,JSL.NS
650,KPRMILL.NS,KPRMILL.NS
651,HONAUT.NS,HONAUT.NS
652,IMFA.NS,IMFA.NS
653,UCALFUEL.NS,UCALFUEL.NS
654,JAICORPLTD.NS,JAICORPLTD.NS
655,ISEC.NS,ISEC.NS
656,IBULHSGFIN.NS,IBULHSGFIN.NS
657,PAGEIND.NS,PAGEIND.NS
658,SYNGENE.NS,SYNGENE.NS
659,NATHBIOGEN.NS,NATHBIOGEN.NS
660,CAMS.NS,CAMS.NS
661,HITECHGEAR.NS,HITECHGEAR.NS
662,THEMISMED.NS,THEMISMED.NS
663,TDPOWERSYS.NS,TDPOWERSYS.NS
664,TCIEXP.NS,TCIEXP.NS
665,GABRIEL.NS,GABRIEL.NS
666,RAJRATAN.NS,RAJRATAN.NS
667,DLF.NS,DLF.NS
668,WIPRO.NS,WIPRO.NS
669,WONDERLA.NS,WONDERLA.NS
670,OFSS.NS,OFSS.NS
671,VASCONEQ.NS,VASCONEQ.NS
672,SMSPHARMA.NS,SMSPHARMA.NS
673,NXTDIGITAL.NS,NXTDIGITAL.NS
674,JTEKTINDIA.NS,JTEKTINDIA.NS
675,ZOTA.NS,ZOTA.NS
676,ORCHPHARMA.NS,ORCHPHARMA.NS
677,SHREEPUSHK.NS,SHREEPUSHK.NS
678,LAOPALA.NS,LAOPALA.NS
679,LUMAXTECH.NS,LUMAXTECH.NS
680,ORIENTREF.NS,ORIENTREF.NS
681,HUHTAMAKI.NS,HUHTAMAKI.NS
682,VRLLOG.NS,VRLLOG.NS
683,WHIRLPOOL.NS,WHIRLPOOL.NS
684,PURVA.NS,PURVA.NS
685,TATAPOWER.NS,TATAPOWER.NS
686,ZEEL.NS,ZEEL.NS
687,GKWLIMITED.NS,GKWLIMITED.NS
688,NMDC.NS,NMDC.NS
689,PAISALO.NS,PAISALO.NS
690,HCG.NS,HCG.NS
691,INDUSINDBK.NS,INDUSINDBK.NS
692,THERMAX.NS,THERMAX.NS
693,GAEL.NS,GAEL.NS
694,PIDILITIND.NS,PIDILITIND.NS
695,MPSLTD.NS,MPSLTD.NS
696,JMFINANCIL.NS,JMFINANCIL.NS
697,RML.NS,RML.NS
698,WELSPUNIND.NS,WELSPUNIND.NS
699,HATHWAY.NS,HATHWAY.NS
700,SHALBY.NS,SHALBY.NS
701,AAVAS.NS,AAVAS.NS
702,BEL.NS,BEL.NS
703,LEMONTREE.NS,LEMONTREE.NS
704,CAMLINFINE.NS,CAMLINFINE.NS
705,ALBERTDAVD.NS,ALBERTDAVD.NS
706,DHANI.NS,DHANI.NS
707,CYBERTECH.NS,CYBERTECH.NS
708,DALMIASUG.NS,DALMIASUG.NS
709,TIDEWATER.NS,TIDEWATER.NS
710,SRIPIPES.NS,SRIPIPES.NS
711,GMBREW.NS,GMBREW.NS
712,MCX.NS,MCX.NS
713,HITECH.NS,HITECH.NS
714,RAMCOIND.NS,RAMCOIND.NS
715,UPL.NS,UPL.NS
716,SHALPAINTS.NS,SHALPAINTS.NS
717,RALLIS.NS,RALLIS.NS
718,PANAMAPET.NS,PANAMAPET.NS
719,NTPC.NS,NTPC.NS
720,BIOCON.NS,BIOCON.NS
721,TRITURBINE.NS,TRITURBINE.NS
722,OIL.NS,OIL.NS
723,UGARSUGAR.NS,UGARSUGAR.NS
724,GAYAPROJ.NS,GAYAPROJ.NS
725,APCOTEXIND.NS,APCOTEXIND.NS
726,KAMDHENU.NS,KAMDHENU.NS
727,NAHARSPING.NS,NAHARSPING.NS
728,TECHNOE.NS,TECHNOE.NS
729,GUJALKALI.NS,GUJALKALI.NS
730,PODDARMENT.NS,PODDARMENT.NS
731,WATERBASE.NS,WATERBASE.NS
732,EIHOTEL.NS,EIHOTEL.NS
733,CYIENT.NS,CYIENT.NS
734,TIINDIA.NS,TIINDIA.NS
735,BLISSGVS.NS,BLISSGVS.NS
736,SUNDARMFIN.NS,SUNDARMFIN.NS
737,DYNPRO.NS,DYNPRO.NS
738,FEDERALBNK.NS,FEDERALBNK.NS
739,BANSWRAS.NS,BANSWRAS.NS
740,KIRIINDUS.NS,KIRIINDUS.NS
741,GFLLIMITED.NS,GFLLIMITED.NS
742,VIPIND.NS,VIPIND.NS
743,ASTRAMICRO.NS,ASTRAMICRO.NS
744,SIS.NS,SIS.NS
745,ASHIANA.NS,ASHIANA.NS
746,ELGIEQUIP.NS,ELGIEQUIP.NS
747,NAM-INDIA.NS,NAM-INDIA.NS
748,INSECTICID.NS,INSECTICID.NS
749,CARBORUNIV.NS,CARBORUNIV.NS
750,HAL.NS,HAL.NS
751,SWARAJENG.NS,SWARAJENG.NS
752,MOIL.NS,MOIL.NS
753,WABAG.NS,WABAG.NS
754,BFINVEST.NS,BFINVEST.NS
755,COCHINSHIP.NS,COCHINSHIP.NS
756,RPGLIFE.NS,RPGLIFE.NS
757,SANGHVIMOV.NS,SANGHVIMOV.NS
758,LT.NS,LT.NS
759,CHALET.NS,CHALET.NS
760,LINDEINDIA.NS,LINDEINDIA.NS
761,VLSFINANCE.NS,VLSFINANCE.NS
762,VESUVIUS.NS,VESUVIUS.NS
763,MMP.NS,MMP.NS
764,HINDOILEXP.NS,HINDOILEXP.NS
765,UNIENTER.NS,UNIENTER.NS
766,BHARTIARTL.NS,BHARTIARTL.NS
767,TATAMETALI.NS,TATAMETALI.NS
768,GATI.NS,GATI.NS
769,ARVIND.NS,ARVIND.NS
770,HDFC.NS,HDFC.NS
771,ASHOKA.NS,ASHOKA.NS
772,SBICARD.NS,SBICARD.NS
773,PNB.NS,PNB.NS
774,TATACOFFEE.NS,TATACOFFEE.NS
775,KIRLOSBROS.NS,KIRLOSBROS.NS
776,SALASAR.NS,SALASAR.NS
777,CONTROLPR.NS,CONTROLPR.NS
778,GSCLCEMENT.NS,GSCLCEMENT.NS
779,POLYMED.NS,POLYMED.NS
780,TBZ.NS,TBZ.NS
781,TCI.NS,TCI.NS
782,SURYAROSNI.NS,SURYAROSNI.NS
783,THEINVEST.NS,THEINVEST.NS
784,ALLCARGO.NS,ALLCARGO.NS
785,AHLWEST.NS,AHLWEST.NS
786,NESCO.NS,NESCO.NS
787,HINDCOPPER.NS,HINDCOPPER.NS
788,PPL.NS,PPL.NS
789,CERA.NS,CERA.NS
790,SATIN.NS,SATIN.NS
791,MANAKSIA.NS,MANAKSIA.NS
792,IPCALAB.NS,IPCALAB.NS
793,FLUOROCHEM.NS,FLUOROCHEM.NS
794,ARMANFIN.NS,ARMANFIN.NS
795,TINPLATE.NS,TINPLATE.NS
796,ORIENTPPR.NS,ORIENTPPR.NS
797,GULPOLY.NS,GULPOLY.NS
798,BATAINDIA.NS,BATAINDIA.NS
799,DEN.NS,DEN.NS
800,NAHARINDUS.NS,NAHARINDUS.NS
801,BSOFT.NS,BSOFT.NS
802,EVEREADY.NS,EVEREADY.NS
803,MTARTECH.NS,MTARTECH.NS
804,GRANULES.NS,GRANULES.NS
805,ORIENTELEC.NS,ORIENTELEC.NS
806,TCNSBRANDS.NS,TCNSBRANDS.NS
807,VMART.NS,VMART.NS
808,TRIDENT.NS,TRIDENT.NS
809,SUNTECK.NS,SUNTECK.NS
810,BALAXI.NS,BALAXI.NS
811,NAVNETEDUL.NS,NAVNETEDUL.NS
812,JBMA.NS,JBMA.NS
813,JBCHEPHARM.NS,JBCHEPHARM.NS
814,TTKHLTCARE.NS,TTKHLTCARE.NS
815,NAVINFLUOR.NS,NAVINFLUOR.NS
816,VBL.NS,VBL.NS
817,INDIGOPNTS.NS,INDIGOPNTS.NS
818,ARVSMART.NS,ARVSMART.NS
819,HGINFRA.NS,HGINFRA.NS
820,GPPL.NS,GPPL.NS
821,PILANIINVS.NS,PILANIINVS.NS
822,BANARISUG.NS,BANARISUG.NS
823,WELCORP.NS,WELCORP.NS
824,EIHAHOTELS.NS,EIHAHOTELS.NS
825,TATACHEM.NS,TATACHEM.NS
826,HIKAL.NS,HIKAL.NS
827,KELLTONTEC.NS,KELLTONTEC.NS
828,FINCABLES.NS,FINCABLES.NS
829,INFOBEAN.NS,INFOBEAN.NS
830,ADANIPOWER.NS,ADANIPOWER.NS
831,CCL.NS,CCL.NS
832,DFMFOODS.NS,DFMFOODS.NS
833,CEBBCO.NS,CEBBCO.NS
834,MARKSANS.NS,MARKSANS.NS
835,INDIAMART.NS,INDIAMART.NS
836,STARCEMENT.NS,STARCEMENT.NS
837,NDTV.NS,NDTV.NS
838,MASFIN.NS,MASFIN.NS
839,TORNTPHARM.NS,TORNTPHARM.NS
840,MBAPL.NS,MBAPL.NS
841,UNIVCABLES.NS,UNIVCABLES.NS
842,GREENLAM.NS,GREENLAM.NS
843,AARTIDRUGS.NS,AARTIDRUGS.NS
844,JAYAGROGN.NS,JAYAGROGN.NS
845,DABUR.NS,DABUR.NS
846,WABCOINDIA.NS,WABCOINDIA.NS
847,RAILTEL.NS,RAILTEL.NS
848,GRSE.NS,GRSE.NS
849,VENKEYS.NS,VENKEYS.NS
850,LODHA.NS,LODHA.NS
851,PFC.NS,PFC.NS
852,GODREJCP.NS,GODREJCP.NS
853,BSHSL.NS,BSHSL.NS
854,ICRA.NS,ICRA.NS
855,VIPULLTD.NS,VIPULLTD.NS
856,DIAMONDYD.NS,DIAMONDYD.NS
857,NUCLEUS.NS,NUCLEUS.NS
858,GPIL.NS,GPIL.NS
859,INDRAMEDCO.NS,INDRAMEDCO.NS
860,CIPLA.NS,CIPLA.NS
861,HMVL.NS,HMVL.NS
862,CHEMBOND.NS,CHEMBOND.NS
863,DVL.NS,DVL.NS
864,MAXIND.NS,MAXIND.NS
865,ADANIENT.NS,ADANIENT.NS
866,BBTC.NS,BBTC.NS
867,MOTHERSUMI.NS,MOTHERSUMI.NS
868,POKARNA.NS,POKARNA.NS
869,TRIVENI.NS,TRIVENI.NS
870,KPITTECH.NS,KPITTECH.NS
871,GREENPLY.NS,GREENPLY.NS
872,MMFL.NS,MMFL.NS
873,GARFIBRES.NS,GARFIBRES.NS
874,DMART.NS,DMART.NS
875,VSTTILLERS.NS,VSTTILLERS.NS
876,MAHLIFE.NS,MAHLIFE.NS
877,GREAVESCOT.NS,GREAVESCOT.NS
878,TATAMOTORS.NS,TATAMOTORS.NS
879,HAPPSTMNDS.NS,HAPPSTMNDS.NS
880,IFBIND.NS,IFBIND.NS
881,APTECHT.NS,APTECHT.NS
882,DRREDDY.NS,DRREDDY.NS
883,RSYSTEMS.NS,RSYSTEMS.NS
884,SIEMENS.NS,SIEMENS.NS
885,NELCAST.NS,NELCAST.NS
886,VINATIORGA.NS,VINATIORGA.NS
887,DALBHARAT.NS,DALBHARAT.NS
888,NEWGEN.NS,NEWGEN.NS
889,ZENSARTECH.NS,ZENSARTECH.NS
890,KOKUYOCMLN.NS,KOKUYOCMLN.NS
891,SAGCEM.NS,SAGCEM.NS
892,SHREECEM.NS,SHREECEM.NS
893,VSSL.NS,VSSL.NS
894,INDNIPPON.NS,INDNIPPON.NS
895,NETWORK18.NS,NETWORK18.NS
896,DEEPINDS.NS,DEEPINDS.NS
897,DHANUKA.NS,DHANUKA.NS
898,ATUL.NS,ATUL.NS
899,SCHNEIDER.NS,SCHNEIDER.NS
900,ROSSARI.NS,ROSSARI.NS
901,GAIL.NS,GAIL.NS
902,FAIRCHEMOR.NS,FAIRCHEMOR.NS
903,SORILINFRA.NS,SORILINFRA.NS
904,SRHHYPOLTD.NS,SRHHYPOLTD.NS
905,DLINKINDIA.NS,DLINKINDIA.NS
906,ZENTEC.NS,ZENTEC.NS
907,V2RETAIL.NS,V2RETAIL.NS
908,IFGLEXPOR.NS,IFGLEXPOR.NS
909,HSIL.NS,HSIL.NS
910,MANGLMCEM.NS,MANGLMCEM.NS
911,ICICIGI.NS,ICICIGI.NS
912,IIFLSEC.NS,IIFLSEC.NS
913,FILATEX.NS,FILATEX.NS
914,DEEPAKNTR.NS,DEEPAKNTR.NS
915,LICHSGFIN.NS,LICHSGFIN.NS
916,GESHIP.NS,GESHIP.NS
917,VARROC.NS,VARROC.NS
918,SKFINDIA.NS,SKFINDIA.NS
919,VINDHYATEL.NS,VINDHYATEL.NS
920,GALAXYSURF.NS,GALAXYSURF.NS
921,MFSL.NS,MFSL.NS
922,GICRE.NS,GICRE.NS
923,ENGINERSIN.NS,ENGINERSIN.NS
924,BIRLACORPN.NS,BIRLACORPN.NS
925,CASTROLIND.NS,CASTROLIND.NS
926,CHAMBLFERT.NS,CHAMBLFERT.NS
927,DCW.NS,DCW.NS
928,SOBHA.NS,SOBHA.NS
929,MHRIL.NS,MHRIL.NS
930,TATACONSUM.NS,TATACONSUM.NS
931,CEATLTD.NS,CEATLTD.NS
932,TVSMOTOR.NS,TVSMOTOR.NS
933,CUB.NS,CUB.NS
934,FIEMIND.NS,FIEMIND.NS
935,ICICIPRULI.NS,ICICIPRULI.NS
936,KSB.NS,KSB.NS
937,GODREJAGRO.NS,GODREJAGRO.NS
938,INDOSTAR.NS,INDOSTAR.NS
939,MAHEPC.NS,MAHEPC.NS
940,SHREDIGCEM.NS,SHREDIGCEM.NS
941,SIYSIL.NS,SIYSIL.NS
942,GLAXO.NS,GLAXO.NS
943,BANCOINDIA.NS,BANCOINDIA.NS
944,BIRLAMONEY.NS,BIRLAMONEY.NS
945,TNPETRO.NS,TNPETRO.NS
946,JINDALSTEL.NS,JINDALSTEL.NS
947,BERGEPAINT.NS,BERGEPAINT.NS
948,ADFFOODS.NS,ADFFOODS.NS
949,BODALCHEM.NS,BODALCHEM.NS
950,IRCTC.NS,IRCTC.NS
951,KENNAMET.NS,KENNAMET.NS
952,GODREJPROP.NS,GODREJPROP.NS
953,AJANTPHARM.NS,AJANTPHARM.NS
954,GANESHHOUC.NS,GANESHHOUC.NS
955,GENUSPOWER.NS,GENUSPOWER.NS
956,KAJARIACER.NS,KAJARIACER.NS
957,NLCINDIA.NS,NLCINDIA.NS
958,AXISCADES.NS,AXISCADES.NS
959,HLEGLAS.NS,HLEGLAS.NS
960,KNRCON.NS,KNRCON.NS
961,GDL.NS,GDL.NS
962,HOMEFIRST.NS,HOMEFIRST.NS
963,VISHWARAJ.NS,VISHWARAJ.NS
964,KUANTUM.NS,KUANTUM.NS
965,HDFCLIFE.NS,HDFCLIFE.NS
966,SWELECTES.NS,SWELECTES.NS
967,KREBSBIO.NS,KREBSBIO.NS
968,THOMASCOOK.NS,THOMASCOOK.NS
969,JAIBALAJI.NS,JAIBALAJI.NS
970,MAXVIL.NS,MAXVIL.NS
971,TAKE.NS,TAKE.NS
972,PARAGMILK.NS,PARAGMILK.NS
973,HITECHCORP.NS,HITECHCORP.NS
974,BAFNAPH.NS,BAFNAPH.NS
975,DCMSHRIRAM.NS,DCMSHRIRAM.NS
976,AIAENG.NS,AIAENG.NS
977,ASAHIINDIA.NS,ASAHIINDIA.NS
978,HERANBA.NS,HERANBA.NS
979,CADILAHC.NS,CADILAHC.NS
980,SUNFLAG.NS,SUNFLAG.NS
981,CHEMCON.NS,CHEMCON.NS
982,AYMSYNTEX.NS,AYMSYNTEX.NS
983,IOLCP.NS,IOLCP.NS
984,GALLANTT.NS,GALLANTT.NS
985,ABFRL.NS,ABFRL.NS
986,HAVELLS.NS,HAVELLS.NS
987,GALLISPAT.NS,GALLISPAT.NS
988,NSIL.NS,NSIL.NS
989,CGCL.NS,CGCL.NS
990,EBIXFOREX.NS,EBIXFOREX.NS
991,SWSOLAR.NS,SWSOLAR.NS
992,MRPL.NS,MRPL.NS
993,NFL.NS,NFL.NS
994,MRF.NS,MRF.NS
995,SASTASUNDR.NS,SASTASUNDR.NS
996,ADVANIHOTR.NS,ADVANIHOTR.NS
997,KICL.NS,KICL.NS
998,THYROCARE.NS,THYROCARE.NS
999,RCF.NS,RCF.NS
1000,JKLAKSHMI.NS,JKLAKSHMI.NS
1001,ANDHRAPAP.NS,ANDHRAPAP.NS
1002,ALKYLAMINE.NS,ALKYLAMINE.NS
1003,SANDHAR.NS,SANDHAR.NS
1004,BPCL.NS,BPCL.NS
1005,APARINDS.NS,APARINDS.NS
1006,XELPMOC.NS,XELPMOC.NS
1007,STEELXIND.NS,STEELXIND.NS
1008,KHADIM.NS,KHADIM.NS
1009,BECTORFOOD.NS,BECTORFOOD.NS
1010,CENTURYTEX.NS,CENTURYTEX.NS
1011,AEGISCHEM.NS,AEGISCHEM.NS
1012,APLLTD.NS,APLLTD.NS
1013,BLKASHYAP.NS,BLKASHYAP.NS
1014,GICHSGFIN.NS,GICHSGFIN.NS
1015,KARURVYSYA.NS,KARURVYSYA.NS
1016,PLASTIBLEN.NS,PLASTIBLEN.NS
1017,CENTURYPLY.NS,CENTURYPLY.NS
1018,ACE.NS,ACE.NS
1019,SUDARSCHEM.NS,SUDARSCHEM.NS
1020,BAJAJFINSV.NS,BAJAJFINSV.NS
1021,APLAPOLLO.NS,APLAPOLLO.NS
1022,SUVENPHAR.NS,SUVENPHAR.NS
1023,ORIENTHOT.NS,ORIENTHOT.NS
1024,HCLTECH.NS,HCLTECH.NS
1025,FSL.NS,FSL.NS
1026,TATASTLBSL.NS,TATASTLBSL.NS
1027,RAYMOND.NS,RAYMOND.NS
1028,BLS.NS,BLS.NS
1029,MONTECARLO.NS,MONTECARLO.NS
1030,CONCOR.NS,CONCOR.NS
1031,TV18BRDCST.NS,TV18BRDCST.NS
1032,RUBYMILLS.NS,RUBYMILLS.NS
1033,JAYSREETEA.NS,JAYSREETEA.NS
1034,NESTLEIND.NS,NESTLEIND.NS
1035,CUMMINSIND.NS,CUMMINSIND.NS
1036,VEDL.NS,VEDL.NS
1037,APEX.NS,APEX.NS
1038,VAIBHAVGBL.NS,VAIBHAVGBL.NS
1039,ISGEC.NS,ISGEC.NS
1040,SAKSOFT.NS,SAKSOFT.NS
1041,SOLARINDS.NS,SOLARINDS.NS
1042,MAHABANK.NS,MAHABANK.NS
1043,PEL.NS,PEL.NS
1044,RUPA.NS,RUPA.NS
1045,GOODYEAR.NS,GOODYEAR.NS
1046,BANKINDIA.NS,BANKINDIA.NS
1047,LUPIN.NS,LUPIN.NS
1048,POWERINDIA.NS,POWERINDIA.NS
1049,BCLIND.NS,BCLIND.NS
1050,JKTYRE.NS,JKTYRE.NS
1051,ENDURANCE.NS,ENDURANCE.NS
1052,KESORAMIND.NS,KESORAMIND.NS
1053,SCHAEFFLER.NS,SCHAEFFLER.NS
1054,MAHSEAMLES.NS,MAHSEAMLES.NS
1055,PDSMFL.NS,PDSMFL.NS
1056,JSWSTEEL.NS,JSWSTEEL.NS
1057,REDINGTON.NS,REDINGTON.NS
1058,IRCON.NS,IRCON.NS
1059,BSE.NS,BSE.NS
1060,NACLIND.NS,NACLIND.NS
1061,SPANDANA.NS,SPANDANA.NS
1062,CHOLAHLDNG.NS,CHOLAHLDNG.NS
1063,BOROLTD.NS,BOROLTD.NS
1064,BALMLAWRIE.NS,BALMLAWRIE.NS
1065,CHENNPETRO.NS,CHENNPETRO.NS
1066,IOC.NS,IOC.NS
1067,SREEL.NS,SREEL.NS
1068,SANOFI.NS,SANOFI.NS
